Year,Month,usg_apt,Total,JFKCapacity,DTWCapacity,SFOCapacity,Concurrencia,OcupancyPercentage,
1990,1,DTW,31933,62440306,31453486,50196094,Bajo,0.101524518,
1990,2,DTW,38216,,,,Bajo,0.121500046,
1990,3,DTW,30241,,,,Bajo,0.096145146,
1990,4,DTW,26835,,,,Bajo,0.085316457,
1990,5,DTW,11365,,,,Bajo,0.03613272,
1990,6,DTW,19539,,,,Bajo,0.0621203,
1990,7,DTW,16908,,,,Bajo,0.053755568,
1990,8,DTW,18751,,,,Bajo,0.059615014,
1990,9,DTW,7689,,,,Bajo,0.024445621,
1990,10,DTW,8272,,,,Bajo,0.026299152,
1990,11,DTW,23370,,,,Bajo,0.07430019,
1990,12,DTW,27927,,,,Bajo,0.088788251,
1991,1,DTW,21050,,,,Bajo,0.066924219,
1991,2,DTW,32948,,,,Bajo,0.104751505,
1991,3,DTW,37967,,,,Bajo,0.120708401,
1991,4,DTW,14212,,,,Bajo,0.045184181,
1991,5,DTW,9694,,,,Bajo,0.030820113,
1991,6,DTW,12880,,,,Bajo,0.040949356,
1991,7,DTW,11425,,,,Bajo,0.036323478,
1991,8,DTW,11687,,,,Bajo,0.037156454,
1991,9,DTW,21460,,,,Bajo,0.068227732,
1991,10,DTW,7533,,,,Bajo,0.023949651,
1991,11,DTW,10355,,,,Bajo,0.032921629,
1991,12,DTW,17608,,,,Bajo,0.055981076,
1992,1,DTW,26049,,,,Bajo,0.082817529,
1992,2,DTW,39701,,,,Bajo,0.126221303,
1992,3,DTW,34593,,,,Bajo,0.10998145,
1992,4,DTW,28388,,,,Bajo,0.090253907,
1992,5,DTW,18531,,,,Bajo,0.058915568,
1992,6,DTW,10337,,,,Bajo,0.032864402,
1992,7,DTW,11000,,,,Bajo,0.034972276,
1992,8,DTW,12428,,,,Bajo,0.039512314,
1992,9,DTW,6969,,,,Bajo,0.022156527,
1992,10,DTW,4821,,,,Bajo,0.015327395,
1992,11,DTW,12929,,,,Bajo,0.041105142,
1992,12,DTW,14154,,,,Bajo,0.044999782,
1993,1,DTW,25020,,,,Bajo,0.079546032,
1993,2,DTW,41472,,,,Bajo,0.13185184,
1993,3,DTW,50741,,,,Moderado,0.161320752,
1993,4,DTW,29522,,,,Bajo,0.093859231,
1993,5,DTW,18928,,,,Bajo,0.060177749,
1993,6,DTW,6858,,,,Bajo,0.021803625,
1993,7,DTW,9484,,,,Bajo,0.030152461,
1993,8,DTW,8746,,,,Bajo,0.027806139,
1993,9,DTW,11732,,,,Bajo,0.037299522,
1993,10,DTW,8418,,,,Bajo,0.026763329,
1993,11,DTW,20581,,,,Bajo,0.065433129,
1993,12,DTW,17840,,,,Bajo,0.056718673,
1994,1,DTW,38347,,,,Bajo,0.121916534,
1994,2,DTW,43675,,,,Bajo,0.138855833,
1994,3,DTW,42046,,,,Bajo,0.133676757,
1994,4,DTW,31627,,,,Bajo,0.100551653,
1994,5,DTW,10540,,,,Bajo,0.033509799,
1994,6,DTW,8095,,,,Bajo,0.025736416,
1994,7,DTW,12305,,,,Bajo,0.03912126,
1994,8,DTW,9699,,,,Bajo,0.03083601,
1994,9,DTW,6410,,,,Bajo,0.020379299,
1994,10,DTW,11629,,,,Bajo,0.036972055,
1994,11,DTW,15964,,,,Bajo,0.050754311,
1994,12,DTW,28998,,,,Bajo,0.092193279,
1995,1,DTW,40887,,,,Bajo,0.129991951,
1995,2,DTW,51092,,,,Moderado,0.162436685,
1995,3,DTW,54034,,,,Moderado,0.171790179,
1995,4,DTW,53643,,,,Moderado,0.170547074,
1995,5,DTW,23102,,,,Bajo,0.073448139,
1995,6,DTW,27036,,,,Bajo,0.085955496,
1995,7,DTW,29347,,,,Bajo,0.093302854,
1995,8,DTW,28753,,,,Bajo,0.091414351,
1995,9,DTW,22223,,,,Bajo,0.070653536,
1995,10,DTW,23163,,,,Bajo,0.073642076,
1995,11,DTW,19494,,,,Bajo,0.061977232,
1995,12,DTW,37083,,,,Bajo,0.117897902,
1996,1,DTW,41694,,,,Bajo,0.132557644,
1996,2,DTW,64299,,,,Moderado,0.204425672,
1996,3,DTW,64250,,,,Moderado,0.204269886,
1996,4,DTW,52476,,,,Moderado,0.166836833,
1996,5,DTW,22477,,,,Bajo,0.071461077,
1996,6,DTW,25813,,,,Bajo,0.082067215,
1996,7,DTW,21551,,,,Bajo,0.068517048,
1996,8,DTW,26368,,,,Bajo,0.083831725,
1996,9,DTW,19803,,,,Bajo,0.062959635,
1996,10,DTW,16408,,,,Bajo,0.052165919,
1996,11,DTW,18938,,,,Bajo,0.060209542,
1996,12,DTW,25423,,,,Bajo,0.080827289,
1997,1,DTW,36771,,,,Bajo,0.116905961,
1997,2,DTW,45997,,,,Bajo,0.146238163,
1997,3,DTW,59268,,,,Moderado,0.188430624,
1997,4,DTW,40358,,,,Bajo,0.128310102,
1997,5,DTW,20020,,,,Bajo,0.063649543,
1997,6,DTW,14725,,,,Bajo,0.046815161,
1997,7,DTW,22260,,,,Bajo,0.07077117,
1997,8,DTW,22146,,,,Bajo,0.07040873,
1997,9,DTW,18529,,,,Bajo,0.05890921,
1997,10,DTW,14346,,,,Bajo,0.045610207,
1997,11,DTW,22654,,,,Bajo,0.072023813,
1997,12,DTW,31084,,,,Bajo,0.098825294,
1998,1,DTW,47139,,,,Bajo,0.149868921,
1998,2,DTW,56808,,,,Moderado,0.180609552,
1998,3,DTW,58179,,,,Moderado,0.184968369,
1998,4,DTW,58367,,,,Moderado,0.185566077,
1998,5,DTW,31842,,,,Bajo,0.101235202,
1998,6,DTW,26357,,,,Bajo,0.083796753,
1998,7,DTW,30838,,,,Bajo,0.098043187,
1998,8,DTW,33329,,,,Bajo,0.105962818,
1998,9,DTW,24150,,,,Bajo,0.076780043,
1998,10,DTW,27955,,,,Bajo,0.088877271,
1998,11,DTW,22447,,,,Bajo,0.071365699,
1998,12,DTW,22044,,,,Bajo,0.070084442,
1999,1,DTW,50562,,,,Moderado,0.160751657,
1999,2,DTW,58182,,,,Moderado,0.184977907,
1999,3,DTW,67895,,,,Moderado,0.215858427,
1999,4,DTW,61719,,,,Moderado,0.196223083,
1999,5,DTW,26311,,,,Bajo,0.083650505,
1999,6,DTW,19129,,,,Bajo,0.060816788,
1999,7,DTW,19859,,,,Bajo,0.063137676,
1999,8,DTW,21280,,,,Bajo,0.067655458,
1999,9,DTW,23033,,,,Bajo,0.073228767,
1999,10,DTW,21955,,,,Bajo,0.069801484,
1999,11,DTW,23636,,,,Bajo,0.075145884,
1999,12,DTW,28342,,,,Bajo,0.090107659,
2000,1,DTW,50319,,,,Moderado,0.159979088,
2000,2,DTW,61580,,,,Moderado,0.195781161,
2000,3,DTW,58530,,,,Moderado,0.186084302,
2000,4,DTW,67961,,,,Moderado,0.21606826,
2000,5,DTW,27572,,,,Bajo,0.0876596,
2000,6,DTW,22026,,,,Bajo,0.070027214,
2000,7,DTW,19193,,,,Bajo,0.061020263,
2000,8,DTW,18188,,,,Bajo,0.057825069,
2000,9,DTW,25704,,,,Bajo,0.081720672,
2000,10,DTW,23309,,,,Bajo,0.074106253,
2000,11,DTW,25414,,,,Bajo,0.080798675,
2000,12,DTW,41494,,,,Bajo,0.131921784,
2001,1,DTW,55235,,,,Moderado,0.175608516,
2001,2,DTW,66441,,,,Moderado,0.211235728,
2001,3,DTW,77665,,,,Moderado,0.246920166,
2001,4,DTW,61626,,,,Moderado,0.195927408,
2001,5,DTW,24547,,,,Bajo,0.078042224,
2001,6,DTW,15133,,,,Bajo,0.048112314,
2001,7,DTW,15916,,,,Bajo,0.050601704,
2001,8,DTW,14213,,,,Bajo,0.04518736,
2001,9,DTW,18508,,,,Bajo,0.058842444,
2001,10,DTW,17836,,,,Bajo,0.056705956,
2001,11,DTW,21358,,,,Bajo,0.067903443,
2001,12,DTW,33884,,,,Bajo,0.107727328,
2002,1,DTW,46795,,,,Bajo,0.148775242,
2002,2,DTW,52979,,,,Moderado,0.16843602,
2002,3,DTW,59964,,,,Moderado,0.190643415,
2002,4,DTW,32797,,,,Bajo,0.104271431,
2002,5,DTW,17799,,,,Bajo,0.056588322,
2002,6,DTW,11323,,,,Bajo,0.035999189,
2002,7,DTW,12102,,,,Bajo,0.038475862,
2002,8,DTW,17579,,,,Bajo,0.055888877,
2002,9,DTW,18124,,,,Bajo,0.057621594,
2002,10,DTW,24264,,,,Bajo,0.077142483,
2002,11,DTW,29138,,,,Bajo,0.09263838,
2002,12,DTW,35228,,,,Bajo,0.112000304,
2003,1,DTW,46695,,,,Bajo,0.148457312,
2003,2,DTW,66669,,,,Moderado,0.211960607,
2003,3,DTW,72383,,,,Moderado,0.230127115,
2003,4,DTW,60782,,,,Moderado,0.193244081,
2003,5,DTW,26534,,,,Bajo,0.084359489,
2003,6,DTW,36928,,,,Bajo,0.117405111,
2003,7,DTW,36949,,,,Bajo,0.117471876,
2003,8,DTW,38931,,,,Bajo,0.123773244,
2003,9,DTW,25698,,,,Bajo,0.081701596,
2003,10,DTW,23641,,,,Bajo,0.07516178,
2003,11,DTW,28578,,,,Bajo,0.090857974,
2003,12,DTW,39998,,,,Bajo,0.127165555,
2004,1,DTW,59456,,,,Moderado,0.189028332,
2004,2,DTW,70066,,,,Moderado,0.222760682,
2004,3,DTW,69833,,,,Moderado,0.222019906,
2004,4,DTW,53752,,,,Moderado,0.170893617,
2004,5,DTW,25816,,,,Bajo,0.082076753,
2004,6,DTW,29924,,,,Bajo,0.095137308,
2004,7,DTW,34045,,,,Bajo,0.108239195,
2004,8,DTW,32612,,,,Bajo,0.103683261,
2004,9,DTW,32161,,,,Bajo,0.102249398,
2004,10,DTW,34667,,,,Bajo,0.110216718,
2004,11,DTW,33853,,,,Bajo,0.10762877,
2004,12,DTW,39623,,,,Bajo,0.125973318,
2005,1,DTW,55387,,,,Moderado,0.176091769,
2005,2,DTW,71746,,,,Moderado,0.228101903,
2005,3,DTW,82401,,,,Moderado,0.261977321,
2005,4,DTW,74586,,,,Moderado,0.237131108,
2005,5,DTW,36976,,,,Bajo,0.117557717,
2005,6,DTW,34811,,,,Bajo,0.110674537,
2005,7,DTW,36997,,,,Bajo,0.117624482,
2005,8,DTW,40934,,,,Bajo,0.130141378,
2005,9,DTW,34935,,,,Bajo,0.11106877,
2005,10,DTW,35011,,,,Bajo,0.111310397,
2005,11,DTW,33080,,,,Bajo,0.105171172,
2005,12,DTW,41819,,,,Bajo,0.132955056,
2006,1,DTW,48279,,,,Bajo,0.15349332,
2006,2,DTW,58317,,,,Moderado,0.185407112,
2006,3,DTW,58209,,,,Moderado,0.185063748,
2006,4,DTW,52331,,,,Moderado,0.166375835,
2006,5,DTW,37506,,,,Bajo,0.119242745,
2006,6,DTW,33509,,,,Bajo,0.106535091,
2006,7,DTW,36308,,,,Bajo,0.115433946,
2006,8,DTW,31742,,,,Bajo,0.100917272,
2006,9,DTW,27760,,,,Bajo,0.088257308,
2006,10,DTW,27612,,,,Bajo,0.087786772,
2006,11,DTW,23919,,,,Bajo,0.076045625,
2006,12,DTW,40591,,,,Bajo,0.129050878,
2007,1,DTW,50062,,,,Moderado,0.159162008,
2007,2,DTW,49733,,,,Bajo,0.158116019,
2007,3,DTW,55057,,,,Moderado,0.175042601,
2007,4,DTW,42947,,,,Bajo,0.136541304,
2007,5,DTW,28224,,,,Bajo,0.089732502,
2007,6,DTW,32076,,,,Bajo,0.101979157,
2007,7,DTW,33367,,,,Bajo,0.106083631,
2007,8,DTW,37267,,,,Bajo,0.118482892,
2007,9,DTW,36857,,,,Bajo,0.11717938,
2007,10,DTW,26811,,,,Bajo,0.085240154,
2007,11,DTW,24078,,,,Bajo,0.076551133,
2007,12,DTW,34531,,,,Bajo,0.109784334,
2008,1,DTW,46150,,,,Bajo,0.146724595,
2008,2,DTW,49991,,,,Bajo,0.158936278,
2008,3,DTW,39749,,,,Bajo,0.12637391,
2008,4,DTW,41755,,,,Bajo,0.132751581,
2008,5,DTW,38405,,,,Bajo,0.122100933,
2008,6,DTW,33760,,,,Bajo,0.107333095,
2008,7,DTW,41729,,,,Bajo,0.132668919,
2008,8,DTW,32629,,,,Bajo,0.103737309,
2008,9,DTW,25393,,,,Bajo,0.08073191,
2008,10,DTW,21047,,,,Bajo,0.066914682,
2008,11,DTW,36562,,,,Bajo,0.116241488,
2008,12,DTW,34085,,,,Bajo,0.108366367,
2009,1,DTW,41119,,,,Bajo,0.130729548,
2009,2,DTW,41851,,,,Bajo,0.133056794,
2009,3,DTW,34806,,,,Bajo,0.110658641,
2009,4,DTW,45673,,,,Bajo,0.14520807,
2009,5,DTW,28574,,,,Bajo,0.090845256,
2009,6,DTW,20572,,,,Bajo,0.065404515,
2009,7,DTW,22774,,,,Bajo,0.072405329,
2009,8,DTW,22907,,,,Bajo,0.072828176,
2009,9,DTW,21042,,,,Bajo,0.066898785,
2009,10,DTW,21515,,,,Bajo,0.068402593,
2009,11,DTW,19086,,,,Bajo,0.060680079,
2009,12,DTW,30908,,,,Bajo,0.098265738,
2010,1,DTW,33644,,,,Bajo,0.106964296,
2010,2,DTW,43286,,,,Bajo,0.137619086,
2010,3,DTW,34449,,,,Bajo,0.109523631,
2010,4,DTW,27497,,,,Bajo,0.087421153,
2010,5,DTW,24438,,,,Bajo,0.077695681,
2010,6,DTW,32616,,,,Bajo,0.103695978,
2010,7,DTW,24977,,,,Bajo,0.079409322,
2010,8,DTW,24252,,,,Bajo,0.077104331,
2010,9,DTW,17742,,,,Bajo,0.056407102,
2010,10,DTW,18938,,,,Bajo,0.060209542,
2010,11,DTW,38270,,,,Bajo,0.121671728,
2010,12,DTW,39185,,,,Bajo,0.124580786,
2011,1,DTW,37153,,,,Bajo,0.118120453,
2011,2,DTW,54058,,,,Moderado,0.171866482,
2011,3,DTW,35295,,,,Bajo,0.112213317,
2011,4,DTW,35078,,,,Bajo,0.11152341,
2011,5,DTW,24772,,,,Bajo,0.078757566,
2011,6,DTW,25376,,,,Bajo,0.080677862,
2011,7,DTW,25485,,,,Bajo,0.081024405,
2011,8,DTW,25806,,,,Bajo,0.08204496,
2011,9,DTW,33084,,,,Bajo,0.10518389,
2011,10,DTW,30586,,,,Bajo,0.097242004,
2011,11,DTW,30718,,,,Bajo,0.097661671,
2011,12,DTW,29599,,,,Bajo,0.094104037,
2012,1,DTW,26610,,,,Bajo,0.084601115,
2012,2,DTW,31896,,,,Bajo,0.101406884,
2012,3,DTW,31722,,,,Bajo,0.100853686,
2012,4,DTW,21018,,,,Bajo,0.066822482,
2012,5,DTW,18518,,,,Bajo,0.058874237,
2012,6,DTW,19655,,,,Bajo,0.062489099,
2012,7,DTW,21108,,,,Bajo,0.067108619,
2012,8,DTW,20874,,,,Bajo,0.066364663,
2012,9,DTW,18572,,,,Bajo,0.059045919,
2012,10,DTW,20358,,,,Bajo,0.064724145,
2012,11,DTW,21425,,,,Bajo,0.068116456,
2012,12,DTW,20399,,,,Bajo,0.064854497,
2013,1,DTW,22164,,,,Bajo,0.070465957,
2013,2,DTW,27783,,,,Bajo,0.088330432,
2013,3,DTW,34114,,,,Bajo,0.108458566,
2013,4,DTW,11795,,,,Bajo,0.037499818,
2013,5,DTW,18013,,,,Bajo,0.057268692,
2013,6,DTW,22126,,,,Bajo,0.070345144,
2013,7,DTW,25159,,,,Bajo,0.079987954,
2013,8,DTW,27732,,,,Bajo,0.088168288,
2013,9,DTW,20962,,,,Bajo,0.066644441,
2013,10,DTW,21062,,,,Bajo,0.066962371,
2013,11,DTW,18718,,,,Bajo,0.059510097,
2013,12,DTW,27250,,,,Bajo,0.086635866,
2014,1,DTW,26406,,,,Bajo,0.083952539,
2014,2,DTW,36405,,,,Bajo,0.115742338,
2014,3,DTW,30809,,,,Bajo,0.097950987,
2014,4,DTW,16396,,,,Bajo,0.052127767,
2014,5,DTW,22522,,,,Bajo,0.071604146,
2014,6,DTW,26262,,,,Bajo,0.08349472,
2014,7,DTW,25763,,,,Bajo,0.08190825,
2014,8,DTW,27333,,,,Bajo,0.086899748,
2014,9,DTW,24832,,,,Bajo,0.078948324,
2014,10,DTW,22564,,,,Bajo,0.071737676,
2014,11,DTW,25501,,,,Bajo,0.081075274,
2014,12,DTW,35069,,,,Bajo,0.111494796,
2015,1,DTW,39440,,,,Bajo,0.125391507,
2015,2,DTW,39758,,,,Bajo,0.126402523,
2015,3,DTW,39465,,,,Bajo,0.125470989,
2015,4,DTW,39544,,,,Bajo,0.125722154,
2015,5,DTW,28565,,,,Bajo,0.090816643,
2015,6,DTW,26005,,,,Bajo,0.08267764,
2015,7,DTW,28487,,,,Bajo,0.090568657,
2015,8,DTW,22603,,,,Bajo,0.071861669,
2015,9,DTW,24754,,,,Bajo,0.078700339,
2015,10,DTW,15851,,,,Bajo,0.05039505,
2015,11,DTW,37972,,,,Bajo,0.120724297,
2015,12,DTW,39106,,,,Bajo,0.124329621,
2016,1,DTW,52570,,,,Moderado,0.167135687,
2016,2,DTW,42486,,,,Bajo,0.135075648,
2016,3,DTW,31400,,,,Bajo,0.099829952,
2016,4,DTW,38312,,,,Bajo,0.121805259,
2016,5,DTW,21635,,,,Bajo,0.068784109,
2016,6,DTW,35764,,,,Bajo,0.113704408,
2016,7,DTW,19820,,,,Bajo,0.063013683,
2016,8,DTW,36265,,,,Bajo,0.115297236,
2016,9,DTW,27102,,,,Bajo,0.08616533,
2016,10,DTW,32586,,,,Bajo,0.103600599,
2016,11,DTW,37331,,,,Bajo,0.118686368,
2016,12,DTW,40007,,,,Bajo,0.127194169,
2017,1,DTW,47454,,,,Bajo,0.1508704,
2017,2,DTW,50231,,,,Moderado,0.15969931,
2017,3,DTW,41445,,,,Bajo,0.131765999,
2017,4,DTW,40555,,,,Bajo,0.128936424,
2017,5,DTW,21117,,,,Bajo,0.067137232,
2017,6,DTW,26193,,,,Bajo,0.083275348,
2017,7,DTW,20714,,,,Bajo,0.065855975,
2017,8,DTW,20575,,,,Bajo,0.065414053,
2017,9,DTW,26774,,,,Bajo,0.08512252,
2017,10,DTW,18274,,,,Bajo,0.058098489,
2017,11,DTW,31728,,,,Bajo,0.100872762,
2017,12,DTW,26416,,,,Bajo,0.083984332,
2018,1,DTW,37974,,,,Bajo,0.120730656,
2018,2,DTW,32876,,,,Bajo,0.104522596,
2018,3,DTW,36919,,,,Bajo,0.117376497,
2018,4,DTW,36629,,,,Bajo,0.1164545,
2018,5,DTW,38941,,,,Bajo,0.123805037,
2018,6,DTW,38078,,,,Bajo,0.121061303,
2018,7,DTW,28787,,,,Bajo,0.091522447,
2018,8,DTW,15362,,,,Bajo,0.048840373,
2018,9,DTW,25707,,,,Bajo,0.081730209,
2018,10,DTW,27652,,,,Bajo,0.087913944,
2018,11,DTW,40281,,,,Bajo,0.128065296,
2018,12,DTW,48857,,,,Bajo,0.155330954,
2019,1,DTW,58803,,,,Moderado,0.186952251,
2019,2,DTW,53032,,,,Moderado,0.168604523,
2019,3,DTW,45629,,,,Bajo,0.145068181,
2019,4,DTW,39545,,,,Bajo,0.125725333,
2019,5,DTW,25939,,,,Bajo,0.082467807,
2019,6,DTW,39453,,,,Bajo,0.125432838,
2019,7,DTW,28794,,,,Bajo,0.091544702,
2019,8,DTW,25299,,,,Bajo,0.080433056,
2019,9,DTW,24575,,,,Bajo,0.078131244,
2019,10,DTW,13727,,,,Bajo,0.043642221,
2019,11,DTW,26369,,,,Bajo,0.083834905,
2019,12,DTW,39329,,,,Bajo,0.125038605,
2020,1,DTW,33878,,,,Bajo,0.107708252,
2020,2,DTW,43682,,,,Bajo,0.138878088,
2020,3,DTW,53038,,,,Moderado,0.168623599,
1990,1,JFK,199737,,,,Alto,0.319884723,
1990,2,JFK,227823,,,,Alto,0.364865284,
1990,3,JFK,195301,,,,Alto,0.312780338,
1990,4,JFK,180652,,,,Alto,0.28931953,
1990,5,JFK,172685,,,,Alto,0.276560144,
1990,6,JFK,238789,,,,Alto,0.382427658,
1990,7,JFK,235295,,,,Alto,0.376831914,
1990,8,JFK,233176,,,,Alto,0.373438272,
1990,9,JFK,257685,,,,Alto,0.412690162,
1990,10,JFK,183075,,,,Alto,0.293200037,
1990,11,JFK,174839,,,,Alto,0.280009839,
1990,12,JFK,196827,,,,Alto,0.315224272,
1991,1,JFK,216613,,,,Alto,0.346912137,
1991,2,JFK,184771,,,,Alto,0.295916231,
1991,3,JFK,210336,,,,Alto,0.336859336,
1991,4,JFK,170690,,,,Alto,0.273365092,
1991,5,JFK,159444,,,,Alto,0.25535429,
1991,6,JFK,199183,,,,Alto,0.318997476,
1991,7,JFK,220031,,,,Alto,0.352386165,
1991,8,JFK,214970,,,,Alto,0.344280824,
1991,9,JFK,251087,,,,Alto,0.40212327,
1991,10,JFK,226965,,,,Alto,0.363491172,
1991,11,JFK,223708,,,,Alto,0.35827499,
1991,12,JFK,219618,,,,Alto,0.351724734,
1992,1,JFK,208014,,,,Alto,0.333140584,
1992,2,JFK,235578,,,,Alto,0.377285147,
1992,3,JFK,224805,,,,Alto,0.360031868,
1992,4,JFK,180842,,,,Alto,0.289623821,
1992,5,JFK,202917,,,,Alto,0.324977587,
1992,6,JFK,182399,,,,Alto,0.292117402,
1992,7,JFK,185668,,,,Alto,0.297352803,
1992,8,JFK,193007,,,,Alto,0.309106429,
1992,9,JFK,190605,,,,Alto,0.305259555,
1992,10,JFK,200189,,,,Alto,0.320608615,
1992,11,JFK,176533,,,,Alto,0.28272283,
1992,12,JFK,202488,,,,Alto,0.324290531,
1993,1,JFK,196530,,,,Alto,0.314748618,
1993,2,JFK,233165,,,,Alto,0.373420656,
1993,3,JFK,187663,,,,Alto,0.300547854,
1993,4,JFK,191109,,,,Alto,0.306066726,
1993,5,JFK,191817,,,,Alto,0.307200609,
1993,6,JFK,197595,,,,Alto,0.316454247,
1993,7,JFK,167661,,,,Alto,0.268514059,
1993,8,JFK,167750,,,,Alto,0.268656595,
1993,9,JFK,150985,,,,Alto,0.241806951,
1993,10,JFK,147479,,,,Alto,0.236191988,
1993,11,JFK,204042,,,,Alto,0.326779308,
1993,12,JFK,173792,,,,Alto,0.278333037,
1994,1,JFK,203448,,,,Alto,0.325828,
1994,2,JFK,221930,,,,Alto,0.35542747,
1994,3,JFK,191450,,,,Alto,0.306612847,
1994,4,JFK,202085,,,,Alto,0.323645115,
1994,5,JFK,150711,,,,Alto,0.241368132,
1994,6,JFK,138333,,,,Alto,0.221544398,
1994,7,JFK,190584,,,,Alto,0.305225922,
1994,8,JFK,166615,,,,Alto,0.266838859,
1994,9,JFK,150151,,,,Alto,0.240471275,
1994,10,JFK,133487,,,,Alto,0.213783385,
1994,11,JFK,151049,,,,Alto,0.241909449,
1994,12,JFK,164564,,,,Alto,0.263554122,
1995,1,JFK,155607,,,,Alto,0.249209221,
1995,2,JFK,185701,,,,Alto,0.297405653,
1995,3,JFK,148520,,,,Alto,0.23785918,
1995,4,JFK,132271,,,,Alto,0.211835925,
1995,5,JFK,112537,,,,Alto,0.18023134,
1995,6,JFK,151511,,,,Alto,0.242649355,
1995,7,JFK,167882,,,,Alto,0.268867997,
1995,8,JFK,178368,,,,Alto,0.285661637,
1995,9,JFK,142496,,,,Alto,0.228211566,
1995,10,JFK,139813,,,,Alto,0.223914662,
1995,11,JFK,105586,,,,Alto,0.169099107,
1995,12,JFK,134477,,,,Alto,0.2153689,
1996,1,JFK,164411,,,,Alto,0.263309088,
1996,2,JFK,180486,,,,Alto,0.289053676,
1996,3,JFK,147938,,,,Alto,0.23692709,
1996,4,JFK,116619,,,,Alto,0.186768784,
1996,5,JFK,111537,,,,Alto,0.17862981,
1996,6,JFK,124622,,,,Alto,0.199585825,
1996,7,JFK,126961,,,,Alto,0.203331803,
1996,8,JFK,142888,,,,Alto,0.228839365,
1996,9,JFK,138256,,,,Alto,0.22142108,
1996,10,JFK,131155,,,,Alto,0.210048618,
1996,11,JFK,120318,,,,Alto,0.192692842,
1996,12,JFK,144837,,,,Alto,0.231960747,
1997,1,JFK,138917,,,,Alto,0.222479691,
1997,2,JFK,142793,,,,Alto,0.22868722,
1997,3,JFK,123271,,,,Alto,0.197422159,
1997,4,JFK,112020,,,,Alto,0.179403349,
1997,5,JFK,107850,,,,Alto,0.17272497,
1997,6,JFK,111205,,,,Alto,0.178098102,
1997,7,JFK,139117,,,,Alto,0.222799997,
1997,8,JFK,119176,,,,Alto,0.190863895,
1997,9,JFK,125877,,,,Alto,0.201595745,
1997,10,JFK,118937,,,,Alto,0.190481129,
1997,11,JFK,122149,,,,Alto,0.195625242,
1997,12,JFK,162510,,,,Alto,0.26026458,
1998,1,JFK,151879,,,,Alto,0.243238718,
1998,2,JFK,173469,,,,Alto,0.277815743,
1998,3,JFK,132292,,,,Alto,0.211869557,
1998,4,JFK,131873,,,,Alto,0.211198517,
1998,5,JFK,120786,,,,Alto,0.193442358,
1998,6,JFK,122555,,,,Alto,0.196275463,
1998,7,JFK,129080,,,,Alto,0.206725444,
1998,8,JFK,137680,,,,Alto,0.220498599,
1998,9,JFK,120290,,,,Alto,0.192647999,
1998,10,JFK,117884,,,,Alto,0.188794719,
1998,11,JFK,122849,,,,Alto,0.196746313,
1998,12,JFK,123979,,,,Alto,0.198556042,
1999,1,JFK,151580,,,,Alto,0.242759861,
1999,2,JFK,202916,,,,Alto,0.324975986,
1999,3,JFK,128785,,,,Alto,0.206252993,
1999,4,JFK,124003,,,,Alto,0.198594478,
1999,5,JFK,94000,,,,Moderado,0.150543785,
1999,6,JFK,112346,,,,Alto,0.179925448,
1999,7,JFK,125425,,,,Alto,0.200871854,
1999,8,JFK,117961,,,,Alto,0.188918036,
1999,9,JFK,104771,,,,Alto,0.167793861,
1999,10,JFK,116463,,,,Alto,0.186518945,
1999,11,JFK,128882,,,,Alto,0.206408341,
1999,12,JFK,114899,,,,Alto,0.184014153,
2000,1,JFK,140288,,,,Alto,0.224675388,
2000,2,JFK,165594,,,,Alto,0.265203697,
2000,3,JFK,155437,,,,Alto,0.248936961,
2000,4,JFK,138357,,,,Alto,0.221582835,
2000,5,JFK,111317,,,,Alto,0.178277474,
2000,6,JFK,104168,,,,Alto,0.166828138,
2000,7,JFK,143225,,,,Alto,0.229379081,
2000,8,JFK,140090,,,,Alto,0.224358285,
2000,9,JFK,84398,,,,Moderado,0.135165897,
2000,10,JFK,100696,,,,Alto,0.161267627,
2000,11,JFK,103273,,,,Alto,0.165394769,
2000,12,JFK,118746,,,,Alto,0.190175237,
2001,1,JFK,127564,,,,Alto,0.204297525,
2001,2,JFK,194214,,,,Alto,0.311039475,
2001,3,JFK,136528,,,,Alto,0.218653637,
2001,4,JFK,138879,,,,Alto,0.222418833,
2001,5,JFK,116683,,,,Alto,0.186871282,
2001,6,JFK,135049,,,,Alto,0.216284975,
2001,7,JFK,143768,,,,Alto,0.230248711,
2001,8,JFK,128675,,,,Alto,0.206076825,
2001,9,JFK,174864,,,,Alto,0.280049877,
2001,10,JFK,131806,,,,Alto,0.211091214,
2001,11,JFK,151805,,,,Alto,0.243120205,
2001,12,JFK,134947,,,,Alto,0.216121619,
2002,1,JFK,127958,,,,Alto,0.204928528,
2002,2,JFK,144312,,,,Alto,0.231119944,
2002,3,JFK,125096,,,,Alto,0.20034495,
2002,4,JFK,123325,,,,Alto,0.197508641,
2002,5,JFK,99966,,,,Moderado,0.160098511,
2002,6,JFK,112303,,,,Alto,0.179856582,
2002,7,JFK,113325,,,,Alto,0.181493345,
2002,8,JFK,105807,,,,Alto,0.169453045,
2002,9,JFK,99156,,,,Moderado,0.158801272,
2002,10,JFK,110500,,,,Alto,0.176969024,
2002,11,JFK,150701,,,,Alto,0.241352116,
2002,12,JFK,149746,,,,Alto,0.239822656,
2003,1,JFK,144679,,,,Alto,0.231707705,
2003,2,JFK,155558,,,,Alto,0.249130746,
2003,3,JFK,132562,,,,Alto,0.21230197,
2003,4,JFK,135301,,,,Alto,0.21668856,
2003,5,JFK,150459,,,,Alto,0.240964546,
2003,6,JFK,156453,,,,Alto,0.250564115,
2003,7,JFK,139078,,,,Alto,0.222737538,
2003,8,JFK,160120,,,,Alto,0.256436924,
2003,9,JFK,152722,,,,Alto,0.244588808,
2003,10,JFK,127583,,,,Alto,0.204327954,
2003,11,JFK,125685,,,,Alto,0.201288251,
2003,12,JFK,139414,,,,Alto,0.223275651,
2004,1,JFK,134352,,,,Alto,0.215168708,
2004,2,JFK,141508,,,,Alto,0.226629255,
2004,3,JFK,98951,,,,Moderado,0.158472958,
2004,4,JFK,108755,,,,Alto,0.174174355,
2004,5,JFK,108402,,,,Alto,0.173609015,
2004,6,JFK,92453,,,,Moderado,0.148066219,
2004,7,JFK,101054,,,,Alto,0.161840975,
2004,8,JFK,108746,,,,Alto,0.174159941,
2004,9,JFK,110706,,,,Alto,0.177298939,
2004,10,JFK,94260,,,,Moderado,0.150960183,
2004,11,JFK,115598,,,,Alto,0.185133622,
2004,12,JFK,102030,,,,Alto,0.163404068,
2005,1,JFK,110323,,,,Alto,0.176685553,
2005,2,JFK,130535,,,,Alto,0.20905567,
2005,3,JFK,101081,,,,Alto,0.161884216,
2005,4,JFK,91117,,,,Moderado,0.145926575,
2005,5,JFK,70031,,,,Moderado,0.112156721,
2005,6,JFK,85609,,,,Moderado,0.13710535,
2005,7,JFK,93879,,,,Moderado,0.15035,
2005,8,JFK,81633,,,,Moderado,0.130737668,
2005,9,JFK,88788,,,,Moderado,0.142196613,
2005,10,JFK,97433,,,,Moderado,0.156041836,
2005,11,JFK,107136,,,,Alto,0.171581478,
2005,12,JFK,97677,,,,Moderado,0.156432609,
2006,1,JFK,111692,,,,Alto,0.178878047,
2006,2,JFK,134828,,,,Alto,0.215931037,
2006,3,JFK,88987,,,,Moderado,0.142515317,
2006,4,JFK,93046,,,,Moderado,0.149015926,
2006,5,JFK,93428,,,,Moderado,0.14962771,
2006,6,JFK,93649,,,,Moderado,0.149981648,
2006,7,JFK,87201,,,,Moderado,0.139654985,
2006,8,JFK,77006,,,,Moderado,0.12332739,
2006,9,JFK,95841,,,,Moderado,0.153492201,
2006,10,JFK,106019,,,,Alto,0.16979257,
2006,11,JFK,97201,,,,Moderado,0.155670281,
2006,12,JFK,126958,,,,Alto,0.203326998,
2007,1,JFK,117728,,,,Alto,0.18854488,
2007,2,JFK,155924,,,,Alto,0.249716906,
2007,3,JFK,101232,,,,Alto,0.162126047,
2007,4,JFK,136580,,,,Alto,0.218736917,
2007,5,JFK,96401,,,,Moderado,0.154389058,
2007,6,JFK,102173,,,,Alto,0.163633087,
2007,7,JFK,108260,,,,Alto,0.173381597,
2007,8,JFK,119924,,,,Alto,0.192061839,
2007,9,JFK,112460,,,,Alto,0.180108022,
2007,10,JFK,119839,,,,Alto,0.191925709,
2007,11,JFK,125514,,,,Alto,0.20101439,
2007,12,JFK,145307,,,,Alto,0.232713466,
2008,1,JFK,145677,,,,Alto,0.233306032,
2008,2,JFK,154076,,,,Alto,0.246757279,
2008,3,JFK,102078,,,,Alto,0.163480941,
2008,4,JFK,97871,,,,Moderado,0.156743306,
2008,5,JFK,67753,,,,Moderado,0.108508437,
2008,6,JFK,95586,,,,Moderado,0.153083811,
2008,7,JFK,70482,,,,Moderado,0.112879011,
2008,8,JFK,82369,,,,Moderado,0.131916394,
2008,9,JFK,135514,,,,Alto,0.217029686,
2008,10,JFK,86096,,,,Moderado,0.137885295,
2008,11,JFK,122921,,,,Alto,0.196861623,
2008,12,JFK,120828,,,,Alto,0.193509622,
2009,1,JFK,141105,,,,Alto,0.225983838,
2009,2,JFK,232607,,,,Alto,0.372527002,
2009,3,JFK,157182,,,,Alto,0.25173163,
2009,4,JFK,118324,,,,Alto,0.189499392,
2009,5,JFK,105771,,,,Alto,0.16939539,
2009,6,JFK,135122,,,,Alto,0.216401886,
2009,7,JFK,89935,,,,Moderado,0.144033567,
2009,8,JFK,102114,,,,Alto,0.163538596,
2009,9,JFK,123582,,,,Alto,0.197920234,
2009,10,JFK,113426,,,,Alto,0.1816551,
2009,11,JFK,124246,,,,Alto,0.19898365,
2009,12,JFK,92300,,,,Moderado,0.147821185,
2010,1,JFK,122077,,,,Alto,0.195509932,
2010,2,JFK,170399,,,,Alto,0.272899047,
2010,3,JFK,132108,,,,Alto,0.211574876,
2010,4,JFK,99406,,,,Moderado,0.159201654,
2010,5,JFK,113191,,,,Alto,0.18127874,
2010,6,JFK,87396,,,,Moderado,0.139967283,
2010,7,JFK,115923,,,,Alto,0.185654119,
2010,8,JFK,107645,,,,Alto,0.172396657,
2010,9,JFK,109347,,,,Alto,0.17512246,
2010,10,JFK,97967,,,,Moderado,0.156897053,
2010,11,JFK,125585,,,,Alto,0.201128098,
2010,12,JFK,125992,,,,Alto,0.201779921,
2011,1,JFK,146587,,,,Alto,0.234763423,
2011,2,JFK,178831,,,,Alto,0.286403145,
2011,3,JFK,117209,,,,Alto,0.187713686,
2011,4,JFK,117227,,,,Alto,0.187742514,
2011,5,JFK,95412,,,,Moderado,0.152805145,
2011,6,JFK,93432,,,,Moderado,0.149634116,
2011,7,JFK,128267,,,,Alto,0.205423401,
2011,8,JFK,113993,,,,Alto,0.182563167,
2011,9,JFK,114217,,,,Alto,0.182921909,
2011,10,JFK,85133,,,,Moderado,0.136343022,
2011,11,JFK,99980,,,,Moderado,0.160120932,
2011,12,JFK,94501,,,,Moderado,0.151346151,
2012,1,JFK,109385,,,,Alto,0.175183318,
2012,2,JFK,120516,,,,Alto,0.193009945,
2012,3,JFK,115130,,,,Alto,0.184384106,
2012,4,JFK,112905,,,,Alto,0.180820703,
2012,5,JFK,76225,,,,Moderado,0.122076596,
2012,6,JFK,69822,,,,Moderado,0.111822002,
2012,7,JFK,88123,,,,Moderado,0.141131595,
2012,8,JFK,86715,,,,Moderado,0.138876642,
2012,9,JFK,75635,,,,Moderado,0.121131693,
2012,10,JFK,69120,,,,Moderado,0.110697728,
2012,11,JFK,96454,,,,Moderado,0.154473939,
2012,12,JFK,89444,,,,Moderado,0.143247216,
2013,1,JFK,79462,,,,Moderado,0.127260747,
2013,2,JFK,112022,,,,Alto,0.179406552,
2013,3,JFK,91671,,,,Moderado,0.146813822,
2013,4,JFK,97055,,,,Moderado,0.155436458,
2013,5,JFK,83542,,,,Moderado,0.133794988,
2013,6,JFK,84133,,,,Moderado,0.134741492,
2013,7,JFK,82416,,,,Moderado,0.131991666,
2013,8,JFK,83458,,,,Moderado,0.13366046,
2013,9,JFK,79964,,,,Moderado,0.128064715,
2013,10,JFK,83386,,,,Moderado,0.13354515,
2013,11,JFK,122276,,,,Alto,0.195828637,
2013,12,JFK,99795,,,,Moderado,0.159824649,
2014,1,JFK,102379,,,,Alto,0.163963002,
2014,2,JFK,112230,,,,Alto,0.17973967,
2014,3,JFK,93984,,,,Moderado,0.15051816,
2014,4,JFK,83253,,,,Moderado,0.133332146,
2014,5,JFK,92299,,,,Moderado,0.147819583,
2014,6,JFK,84843,,,,Moderado,0.135878578,
2014,7,JFK,95113,,,,Moderado,0.152326287,
2014,8,JFK,95757,,,,Moderado,0.153357673,
2014,9,JFK,145038,,,,Alto,0.232282654,
2014,10,JFK,87760,,,,Moderado,0.14055024,
2014,11,JFK,110720,,,,Alto,0.17732136,
2014,12,JFK,126089,,,,Alto,0.201935269,
2015,1,JFK,131707,,,,Alto,0.210932663,
2015,2,JFK,127482,,,,Alto,0.2041662,
2015,3,JFK,110994,,,,Alto,0.177760179,
2015,4,JFK,107032,,,,Alto,0.171414919,
2015,5,JFK,104939,,,,Alto,0.168062918,
2015,6,JFK,109865,,,,Alto,0.175952053,
2015,7,JFK,90174,,,,Moderado,0.144416333,
2015,8,JFK,92792,,,,Moderado,0.148609137,
2015,9,JFK,132128,,,,Alto,0.211606907,
2015,10,JFK,99422,,,,Moderado,0.159227279,
2015,11,JFK,144599,,,,Alto,0.231579583,
2015,12,JFK,168314,,,,Alto,0.269559858,
2016,1,JFK,153708,,,,Alto,0.246167916,
2016,2,JFK,163075,,,,Alto,0.261169444,
2016,3,JFK,159159,,,,Alto,0.254897854,
2016,4,JFK,137572,,,,Alto,0.220325634,
2016,5,JFK,123707,,,,Alto,0.198120426,
2016,6,JFK,125682,,,,Alto,0.201283447,
2016,7,JFK,100351,,,,Alto,0.1607151,
2016,8,JFK,90135,,,,Moderado,0.144353873,
2016,9,JFK,109988,,,,Alto,0.176149041,
2016,10,JFK,100404,,,,Alto,0.160799981,
2016,11,JFK,142252,,,,Alto,0.227820793,
2016,12,JFK,129005,,,,Alto,0.20660533,
2017,1,JFK,121399,,,,Alto,0.194424095,
2017,2,JFK,160039,,,,Alto,0.2563072,
2017,3,JFK,136082,,,,Alto,0.217939355,
2017,4,JFK,101875,,,,Alto,0.163155831,
2017,5,JFK,113412,,,,Alto,0.181632678,
2017,6,JFK,91535,,,,Moderado,0.146596014,
2017,7,JFK,78723,,,,Moderado,0.126077217,
2017,8,JFK,83660,,,,Moderado,0.133983969,
2017,9,JFK,110710,,,,Alto,0.177305345,
2017,10,JFK,95388,,,,Moderado,0.152766708,
2017,11,JFK,110814,,,,Alto,0.177471904,
2017,12,JFK,116233,,,,Alto,0.186150593,
2018,1,JFK,126114,,,,Alto,0.201975307,
2018,2,JFK,131421,,,,Alto,0.210474625,
2018,3,JFK,96313,,,,Moderado,0.154248123,
2018,4,JFK,60131,,,,Moderado,0.096301578,
2018,5,JFK,71458,,,,Moderado,0.114442104,
2018,6,JFK,74529,,,,Moderado,0.119360402,
2018,7,JFK,59985,,,,Moderado,0.096067755,
2018,8,JFK,70228,,,,Moderado,0.112472223,
2018,9,JFK,85993,,,,Moderado,0.137720337,
2018,10,JFK,84536,,,,Moderado,0.135386909,
2018,11,JFK,69512,,,,Moderado,0.111325527,
2018,12,JFK,101704,,,,Alto,0.162881969,
2019,1,JFK,98667,,,,Moderado,0.158018124,
2019,2,JFK,115921,,,,Alto,0.185650916,
2019,3,JFK,87796,,,,Moderado,0.140607895,
2019,4,JFK,79781,,,,Moderado,0.127771635,
2019,5,JFK,64760,,,,Moderado,0.103715059,
2019,6,JFK,67040,,,,Moderado,0.107366546,
2019,7,JFK,61436,,,,Moderado,0.098391574,
2019,8,JFK,60259,,,,Moderado,0.096506574,
2019,9,JFK,78196,,,,Moderado,0.125233211,
2019,10,JFK,87831,,,,Moderado,0.140663949,
2019,11,JFK,88191,,,,Moderado,0.141240499,
2019,12,JFK,81768,,,,Moderado,0.130953875,
2020,1,JFK,85850,,,,Moderado,0.137491319,
2020,2,JFK,106037,,,,Alto,0.169821397,
2020,3,JFK,262543,,,,Alto,0.420470393,
1990,1,SFO,50588,,,,Moderado,0.10078075,
1990,2,SFO,41872,,,,Bajo,0.083416849,
1990,3,SFO,55636,,,,Moderado,0.110837309,
1990,4,SFO,48680,,,,Bajo,0.096979657,
1990,5,SFO,58832,,,,Moderado,0.117204339,
1990,6,SFO,46199,,,,Bajo,0.092037042,
1990,7,SFO,39714,,,,Bajo,0.07911771,
1990,8,SFO,32204,,,,Bajo,0.064156386,
1990,9,SFO,48512,,,,Bajo,0.09664497,
1990,10,SFO,44724,,,,Bajo,0.089098566,
1990,11,SFO,43998,,,,Bajo,0.087652238,
1990,12,SFO,34083,,,,Bajo,0.067899706,
1991,1,SFO,45287,,,,Bajo,0.090220167,
1991,2,SFO,65401,,,,Moderado,0.130291014,
1991,3,SFO,54358,,,,Moderado,0.108291295,
1991,4,SFO,38806,,,,Bajo,0.077308804,
1991,5,SFO,43219,,,,Bajo,0.086100325,
1991,6,SFO,45154,,,,Bajo,0.089955206,
1991,7,SFO,53898,,,,Moderado,0.107374889,
1991,8,SFO,48930,,,,Bajo,0.097477704,
1991,9,SFO,46624,,,,Bajo,0.092883721,
1991,10,SFO,48543,,,,Bajo,0.096706728,
1991,11,SFO,53846,,,,Moderado,0.107271295,
1991,12,SFO,44808,,,,Bajo,0.08926591,
1992,1,SFO,44990,,,,Bajo,0.089628488,
1992,2,SFO,50752,,,,Moderado,0.101107469,
1992,3,SFO,45164,,,,Bajo,0.089975128,
1992,4,SFO,32315,,,,Bajo,0.064377519,
1992,5,SFO,35549,,,,Bajo,0.070820251,
1992,6,SFO,28606,,,,Bajo,0.056988498,
1992,7,SFO,35541,,,,Bajo,0.070804314,
1992,8,SFO,38736,,,,Bajo,0.077169351,
1992,9,SFO,43939,,,,Bajo,0.087534699,
1992,10,SFO,42184,,,,Bajo,0.084038411,
1992,11,SFO,51717,,,,Moderado,0.103029929,
1992,12,SFO,41290,,,,Bajo,0.082257396,
1993,1,SFO,46310,,,,Bajo,0.092258175,
1993,2,SFO,41544,,,,Bajo,0.082763412,
1993,3,SFO,41050,,,,Bajo,0.081779272,
1993,4,SFO,41539,,,,Bajo,0.082753451,
1993,5,SFO,32821,,,,Bajo,0.065385566,
1993,6,SFO,36330,,,,Bajo,0.072376149,
1993,7,SFO,36417,,,,Bajo,0.07254947,
1993,8,SFO,34971,,,,Bajo,0.069668767,
1993,9,SFO,24508,,,,Bajo,0.048824516,
1993,10,SFO,41341,,,,Bajo,0.082358998,
1993,11,SFO,61232,,,,Moderado,0.121985587,
1993,12,SFO,52318,,,,Moderado,0.104227233,
1994,1,SFO,58525,,,,Moderado,0.116592737,
1994,2,SFO,55860,,,,Moderado,0.111283559,
1994,3,SFO,52098,,,,Moderado,0.103788952,
1994,4,SFO,50428,,,,Moderado,0.100462,
1994,5,SFO,45733,,,,Bajo,0.091108683,
1994,6,SFO,56800,,,,Moderado,0.113156215,
1994,7,SFO,58020,,,,Moderado,0.115586683,
1994,8,SFO,29393,,,,Bajo,0.058556349,
1994,9,SFO,33484,,,,Bajo,0.066706386,
1994,10,SFO,43465,,,,Bajo,0.086590403,
1994,11,SFO,46584,,,,Bajo,0.092804034,
1994,12,SFO,53320,,,,Moderado,0.106223405,
1995,1,SFO,38582,,,,Bajo,0.076862554,
1995,2,SFO,32776,,,,Bajo,0.065295917,
1995,3,SFO,32861,,,,Bajo,0.065465253,
1995,4,SFO,42465,,,,Bajo,0.084598216,
1995,5,SFO,51423,,,,Moderado,0.102444226,
1995,6,SFO,56560,,,,Moderado,0.11267809,
1995,7,SFO,46026,,,,Bajo,0.091692393,
1995,8,SFO,48361,,,,Bajo,0.09634415,
1995,9,SFO,48902,,,,Bajo,0.097421923,
1995,10,SFO,60474,,,,Moderado,0.12047551,
1995,11,SFO,50616,,,,Moderado,0.100836531,
1995,12,SFO,50322,,,,Moderado,0.100250828,
1996,1,SFO,30460,,,,Bajo,0.060682012,
1996,2,SFO,40224,,,,Bajo,0.080133725,
1996,3,SFO,33434,,,,Bajo,0.066606776,
1996,4,SFO,41170,,,,Bajo,0.082018334,
1996,5,SFO,40600,,,,Bajo,0.080882787,
1996,6,SFO,39949,,,,Bajo,0.079585874,
1996,7,SFO,39330,,,,Bajo,0.07835271,
1996,8,SFO,34415,,,,Bajo,0.068561112,
1996,9,SFO,43718,,,,Bajo,0.087094426,
1996,10,SFO,32998,,,,Bajo,0.065738183,
1996,11,SFO,34146,,,,Bajo,0.068025213,
1996,12,SFO,31508,,,,Bajo,0.062769824,
1997,1,SFO,36274,,,,Bajo,0.072264587,
1997,2,SFO,25063,,,,Bajo,0.04993018,
1997,3,SFO,25069,,,,Bajo,0.049942133,
1997,4,SFO,28212,,,,Bajo,0.056203576,
1997,5,SFO,42810,,,,Bajo,0.08528552,
1997,6,SFO,45714,,,,Bajo,0.091070831,
1997,7,SFO,39182,,,,Bajo,0.078057866,
1997,8,SFO,42670,,,,Bajo,0.085006614,
1997,9,SFO,45213,,,,Bajo,0.090072746,
1997,10,SFO,48336,,,,Bajo,0.096294345,
1997,11,SFO,54293,,,,Moderado,0.108161802,
1997,12,SFO,43166,,,,Bajo,0.085994739,
1998,1,SFO,27956,,,,Bajo,0.055693576,
1998,2,SFO,32284,,,,Bajo,0.064315761,
1998,3,SFO,35888,,,,Bajo,0.071495603,
1998,4,SFO,31455,,,,Bajo,0.062664238,
1998,5,SFO,37478,,,,Bajo,0.07466318,
1998,6,SFO,31221,,,,Bajo,0.062198067,
1998,7,SFO,30069,,,,Bajo,0.059903067,
1998,8,SFO,26739,,,,Bajo,0.053269085,
1998,9,SFO,39120,,,,Bajo,0.077934351,
1998,10,SFO,25613,,,,Bajo,0.051025883,
1998,11,SFO,32892,,,,Bajo,0.065527011,
1998,12,SFO,28815,,,,Bajo,0.057404865,
1999,1,SFO,33782,,,,Bajo,0.067300057,
1999,2,SFO,40175,,,,Bajo,0.080036108,
1999,3,SFO,19685,,,,Bajo,0.039216199,
1999,4,SFO,26400,,,,Bajo,0.052593734,
1999,5,SFO,26956,,,,Bajo,0.05370139,
1999,6,SFO,33130,,,,Bajo,0.066001151,
1999,7,SFO,24569,,,,Bajo,0.04894604,
1999,8,SFO,28806,,,,Bajo,0.057386935,
1999,9,SFO,29315,,,,Bajo,0.058400958,
1999,10,SFO,31874,,,,Bajo,0.063498965,
1999,11,SFO,35450,,,,Bajo,0.070623025,
1999,12,SFO,27715,,,,Bajo,0.055213459,
2000,1,SFO,23461,,,,Bajo,0.046738696,
2000,2,SFO,38348,,,,Bajo,0.076396383,
2000,3,SFO,20435,,,,Bajo,0.040710339,
2000,4,SFO,24472,,,,Bajo,0.048752797,
2000,5,SFO,27342,,,,Bajo,0.054470374,
2000,6,SFO,21371,,,,Bajo,0.042575026,
2000,7,SFO,19053,,,,Bajo,0.037957137,
2000,8,SFO,16529,,,,Bajo,0.032928857,
2000,9,SFO,21621,,,,Bajo,0.043073073,
2000,10,SFO,19373,,,,Bajo,0.038594636,
2000,11,SFO,30545,,,,Bajo,0.060851348,
2000,12,SFO,28914,,,,Bajo,0.057602092,
2001,1,SFO,30099,,,,Bajo,0.059962833,
2001,2,SFO,35312,,,,Bajo,0.070348103,
2001,3,SFO,24586,,,,Bajo,0.048979907,
2001,4,SFO,28057,,,,Bajo,0.055894787,
2001,5,SFO,23546,,,,Bajo,0.046908032,
2001,6,SFO,41255,,,,Bajo,0.08218767,
2001,7,SFO,24039,,,,Bajo,0.04789018,
2001,8,SFO,23555,,,,Bajo,0.046925962,
2001,9,SFO,50510,,,,Moderado,0.100625359,
2001,10,SFO,34640,,,,Bajo,0.069009354,
2001,11,SFO,31486,,,,Bajo,0.062725996,
2001,12,SFO,24687,,,,Bajo,0.049181118,
2002,1,SFO,22475,,,,Bajo,0.0447744,
2002,2,SFO,23306,,,,Bajo,0.046429907,
2002,3,SFO,17655,,,,Bajo,0.035172059,
2002,4,SFO,27225,,,,Bajo,0.054237288,
2002,5,SFO,22791,,,,Bajo,0.045403931,
2002,6,SFO,15884,,,,Bajo,0.031643896,
2002,7,SFO,19603,,,,Bajo,0.039052839,
2002,8,SFO,24224,,,,Bajo,0.048258735,
2002,9,SFO,13080,,,,Bajo,0.026057804,
2002,10,SFO,14242,,,,Bajo,0.028372726,
2002,11,SFO,27620,,,,Bajo,0.055024202,
2002,12,SFO,27098,,,,Bajo,0.05398428,
2003,1,SFO,21533,,,,Bajo,0.04289776,
2003,2,SFO,20930,,,,Bajo,0.041696471,
2003,3,SFO,8961,,,,Bajo,0.017851987,
2003,4,SFO,21243,,,,Bajo,0.042320026,
2003,5,SFO,14434,,,,Bajo,0.028755225,
2003,6,SFO,17000,,,,Bajo,0.033867177,
2003,7,SFO,12947,,,,Bajo,0.025792844,
2003,8,SFO,8621,,,,Bajo,0.017174643,
2003,9,SFO,11295,,,,Bajo,0.022501751,
2003,10,SFO,14382,,,,Bajo,0.028651632,
2003,11,SFO,25431,,,,Bajo,0.050663305,
2003,12,SFO,17726,,,,Bajo,0.035313505,
2004,1,SFO,18537,,,,Bajo,0.036929168,
2004,2,SFO,26554,,,,Bajo,0.05290053,
2004,3,SFO,20320,,,,Bajo,0.040481237,
2004,4,SFO,16676,,,,Bajo,0.033221708,
2004,5,SFO,9879,,,,Bajo,0.019680814,
2004,6,SFO,6607,,,,Bajo,0.013162379,
2004,7,SFO,8533,,,,Bajo,0.016999331,
2004,8,SFO,7708,,,,Bajo,0.015355776,
2004,9,SFO,5144,,,,Bajo,0.010247809,
2004,10,SFO,8043,,,,Bajo,0.016023159,
2004,11,SFO,22863,,,,Bajo,0.045547369,
2004,12,SFO,23902,,,,Bajo,0.047617251,
2005,1,SFO,16598,,,,Bajo,0.033066318,
2005,2,SFO,24561,,,,Bajo,0.048930102,
2005,3,SFO,25778,,,,Bajo,0.051354593,
2005,4,SFO,23737,,,,Bajo,0.04728854,
2005,5,SFO,24534,,,,Bajo,0.048876313,
2005,6,SFO,19802,,,,Bajo,0.039449285,
2005,7,SFO,21038,,,,Bajo,0.041911628,
2005,8,SFO,31686,,,,Bajo,0.063124434,
2005,9,SFO,31227,,,,Bajo,0.06221002,
2005,10,SFO,30395,,,,Bajo,0.06055252,
2005,11,SFO,17968,,,,Bajo,0.035795614,
2005,12,SFO,20833,,,,Bajo,0.041503229,
2006,1,SFO,19475,,,,Bajo,0.03879784,
2006,2,SFO,15473,,,,Bajo,0.030825108,
2006,3,SFO,24839,,,,Bajo,0.04948393,
2006,4,SFO,12332,,,,Bajo,0.024567649,
2006,5,SFO,13265,,,,Bajo,0.026426359,
2006,6,SFO,8749,,,,Bajo,0.017429643,
2006,7,SFO,14479,,,,Bajo,0.028844874,
2006,8,SFO,12140,,,,Bajo,0.024185149,
2006,9,SFO,26162,,,,Bajo,0.052119593,
2006,10,SFO,21608,,,,Bajo,0.043047174,
2006,11,SFO,31760,,,,Bajo,0.063271855,
2006,12,SFO,23415,,,,Bajo,0.046647056,
2007,1,SFO,36573,,,,Bajo,0.072860251,
2007,2,SFO,41479,,,,Bajo,0.08263392,
2007,3,SFO,38113,,,,Bajo,0.075928219,
2007,4,SFO,23768,,,,Bajo,0.047350298,
2007,5,SFO,16711,,,,Bajo,0.033291435,
2007,6,SFO,13125,,,,Bajo,0.026147453,
2007,7,SFO,11399,,,,Bajo,0.022708938,
2007,8,SFO,9765,,,,Bajo,0.019453705,
2007,9,SFO,10134,,,,Bajo,0.020188822,
2007,10,SFO,19545,,,,Bajo,0.038937293,
2007,11,SFO,33358,,,,Bajo,0.06645537,
2007,12,SFO,26071,,,,Bajo,0.051938304,
2008,1,SFO,28413,,,,Bajo,0.056604006,
2008,2,SFO,31656,,,,Bajo,0.063064668,
2008,3,SFO,22443,,,,Bajo,0.04471065,
2008,4,SFO,18695,,,,Bajo,0.037243934,
2008,5,SFO,16143,,,,Bajo,0.032159873,
2008,6,SFO,6420,,,,Bajo,0.01278984,
2008,7,SFO,6827,,,,Bajo,0.01360066,
2008,8,SFO,6723,,,,Bajo,0.013393472,
2008,9,SFO,4825,,,,Bajo,0.009612302,
2008,10,SFO,7764,,,,Bajo,0.015467339,
2008,11,SFO,11593,,,,Bajo,0.023095423,
2008,12,SFO,19662,,,,Bajo,0.039170378,
2009,1,SFO,21211,,,,Bajo,0.042256276,
2009,2,SFO,37472,,,,Bajo,0.074651227,
2009,3,SFO,18918,,,,Bajo,0.037688191,
2009,4,SFO,20109,,,,Bajo,0.040060886,
2009,5,SFO,25489,,,,Bajo,0.050778851,
2009,6,SFO,16121,,,,Bajo,0.032116045,
2009,7,SFO,20437,,,,Bajo,0.040714323,
2009,8,SFO,15474,,,,Bajo,0.0308271,
2009,9,SFO,27677,,,,Bajo,0.055137756,
2009,10,SFO,30484,,,,Bajo,0.060729825,
2009,11,SFO,37873,,,,Bajo,0.075450094,
2009,12,SFO,22658,,,,Bajo,0.04513897,
2010,1,SFO,29379,,,,Bajo,0.058528458,
2010,2,SFO,31109,,,,Bajo,0.061974942,
2010,3,SFO,14371,,,,Bajo,0.028629718,
2010,4,SFO,14103,,,,Bajo,0.028095812,
2010,5,SFO,23856,,,,Bajo,0.04752561,
2010,6,SFO,26822,,,,Bajo,0.053434437,
2010,7,SFO,26808,,,,Bajo,0.053406546,
2010,8,SFO,25543,,,,Bajo,0.05088643,
2010,9,SFO,19487,,,,Bajo,0.038821746,
2010,10,SFO,25588,,,,Bajo,0.050976078,
2010,11,SFO,25792,,,,Bajo,0.051382484,
2010,12,SFO,21186,,,,Bajo,0.042206471,
2011,1,SFO,28834,,,,Bajo,0.057442717,
2011,2,SFO,37763,,,,Bajo,0.075230953,
2011,3,SFO,27767,,,,Bajo,0.055317053,
2011,4,SFO,23616,,,,Bajo,0.047047485,
2011,5,SFO,27796,,,,Bajo,0.055374827,
2011,6,SFO,28865,,,,Bajo,0.057504474,
2011,7,SFO,13248,,,,Bajo,0.026392492,
2011,8,SFO,13177,,,,Bajo,0.026251047,
2011,9,SFO,20307,,,,Bajo,0.040455339,
2011,10,SFO,18304,,,,Bajo,0.036464989,
2011,11,SFO,27103,,,,Bajo,0.053994241,
2011,12,SFO,15138,,,,Bajo,0.030157725,
2012,1,SFO,28478,,,,Bajo,0.056733498,
2012,2,SFO,27385,,,,Bajo,0.054556038,
2012,3,SFO,13088,,,,Bajo,0.026073742,
2012,4,SFO,13782,,,,Bajo,0.02745632,
2012,5,SFO,13132,,,,Bajo,0.026161398,
2012,6,SFO,16355,,,,Bajo,0.032582216,
2012,7,SFO,15793,,,,Bajo,0.031462607,
2012,8,SFO,7847,,,,Bajo,0.01563269,
2012,9,SFO,40285,,,,Bajo,0.080255249,
2012,10,SFO,20067,,,,Bajo,0.039977214,
2012,11,SFO,19894,,,,Bajo,0.039632566,
2012,12,SFO,16877,,,,Bajo,0.033622138,
2013,1,SFO,22149,,,,Bajo,0.044124947,
2013,2,SFO,23084,,,,Bajo,0.045987642,
2013,3,SFO,6062,,,,Bajo,0.012076637,
2013,4,SFO,13348,,,,Bajo,0.026591711,
2013,5,SFO,11141,,,,Bajo,0.022194954,
2013,6,SFO,25869,,,,Bajo,0.051535882,
2013,7,SFO,15862,,,,Bajo,0.031600068,
2013,8,SFO,11858,,,,Bajo,0.023623352,
2013,9,SFO,13687,,,,Bajo,0.027267062,
2013,10,SFO,20116,,,,Bajo,0.040074831,
2013,11,SFO,30744,,,,Bajo,0.061247794,
2013,12,SFO,27494,,,,Bajo,0.054773186,
2014,1,SFO,34094,,,,Bajo,0.06792162,
2014,2,SFO,30026,,,,Bajo,0.059817403,
2014,3,SFO,15878,,,,Bajo,0.031631943,
2014,4,SFO,18956,,,,Bajo,0.037763895,
2014,5,SFO,20465,,,,Bajo,0.040770105,
2014,6,SFO,15982,,,,Bajo,0.031839131,
2014,7,SFO,25056,,,,Bajo,0.049916235,
2014,8,SFO,16513,,,,Bajo,0.032896982,
2014,9,SFO,36995,,,,Bajo,0.073700954,
2014,10,SFO,29556,,,,Bajo,0.058881075,
2014,11,SFO,30091,,,,Bajo,0.059946895,
2014,12,SFO,19595,,,,Bajo,0.039036902,
2015,1,SFO,33289,,,,Bajo,0.066317909,
2015,2,SFO,29176,,,,Bajo,0.058124044,
2015,3,SFO,23480,,,,Bajo,0.046776548,
2015,4,SFO,19108,,,,Bajo,0.038066707,
2015,5,SFO,18082,,,,Bajo,0.036022723,
2015,6,SFO,9856,,,,Bajo,0.019634994,
2015,7,SFO,10240,,,,Bajo,0.020399994,
2015,8,SFO,12333,,,,Bajo,0.024569641,
2015,9,SFO,32687,,,,Bajo,0.065118613,
2015,10,SFO,23586,,,,Bajo,0.04698772,
2015,11,SFO,20988,,,,Bajo,0.041812018,
2015,12,SFO,20540,,,,Bajo,0.040919519,
2016,1,SFO,30949,,,,Bajo,0.061656192,
2016,2,SFO,39846,,,,Bajo,0.079380679,
2016,3,SFO,22201,,,,Bajo,0.044228541,
2016,4,SFO,27705,,,,Bajo,0.055193538,
2016,5,SFO,24288,,,,Bajo,0.048386235,
2016,6,SFO,28048,,,,Bajo,0.055876858,
2016,7,SFO,27550,,,,Bajo,0.054884749,
2016,8,SFO,25406,,,,Bajo,0.0506135,
2016,9,SFO,49566,,,,Bajo,0.098744735,
2016,10,SFO,42612,,,,Bajo,0.084891067,
2016,11,SFO,26683,,,,Bajo,0.053157523,
2016,12,SFO,29974,,,,Bajo,0.05971381,
2017,1,SFO,34712,,,,Bajo,0.069152791,
2017,2,SFO,39624,,,,Bajo,0.078938413,
2017,3,SFO,22363,,,,Bajo,0.044551275,
2017,4,SFO,29974,,,,Bajo,0.05971381,
2017,5,SFO,24205,,,,Bajo,0.048220883,
2017,6,SFO,34855,,,,Bajo,0.069437674,
2017,7,SFO,22986,,,,Bajo,0.045792408,
2017,8,SFO,31218,,,,Bajo,0.06219209,
2017,9,SFO,53682,,,,Moderado,0.106944576,
2017,10,SFO,42781,,,,Bajo,0.085227747,
2017,11,SFO,32965,,,,Bajo,0.065672441,
2017,12,SFO,30872,,,,Bajo,0.061502793,
2018,1,SFO,29198,,,,Bajo,0.058167873,
2018,2,SFO,28866,,,,Bajo,0.057506467,
2018,3,SFO,29851,,,,Bajo,0.059468771,
2018,4,SFO,30304,,,,Bajo,0.060371231,
2018,5,SFO,51513,,,,Moderado,0.102623523,
2018,6,SFO,42137,,,,Bajo,0.083944779,
2018,7,SFO,30102,,,,Bajo,0.05996881,
2018,8,SFO,29599,,,,Bajo,0.05896674,
2018,9,SFO,50309,,,,Moderado,0.10022493,
2018,10,SFO,47996,,,,Bajo,0.095617002,
2018,11,SFO,41562,,,,Bajo,0.082799271,
2018,12,SFO,37310,,,,Bajo,0.074328493,
2019,1,SFO,37904,,,,Bajo,0.075511852,
2019,2,SFO,39161,,,,Bajo,0.07801603,
2019,3,SFO,23703,,,,Bajo,0.047220806,
2019,4,SFO,35880,,,,Bajo,0.071479665,
2019,5,SFO,34510,,,,Bajo,0.068750369,
2019,6,SFO,27191,,,,Bajo,0.054169554,
2019,7,SFO,13549,,,,Bajo,0.02699214,
2019,8,SFO,13877,,,,Bajo,0.027645577,
2019,9,SFO,38268,,,,Bajo,0.076237008,
2019,10,SFO,40876,,,,Bajo,0.081432631,
2019,11,SFO,49740,,,,Bajo,0.099091376,
2019,12,SFO,39592,,,,Bajo,0.078874663,
2020,1,SFO,34227,,,,Bajo,0.06818658,
2020,2,SFO,63538,,,,Moderado,0.12657957,
2020,3,SFO,105078,,,,Alto,0.209335013,
